Motif_Name,ID,Motif,Total_Hits,Forward_Hits,Reverse_Hits,Forward_Positions,Reverse_Positions
EcoRI,AB015455.1,GAATTC,1,1,0,600,
EcoRI,AB033761.1,GAATTC,1,1,0,588,
EcoRI,AB039788.1,GAATTC,0,0,0,,
EcoRI,AB039789.1,GAATTC,0,0,0,,
EcoRI,AB039787.1,GAATTC,0,0,0,,
EcoRI,AB039786.1,GAATTC,0,0,0,,
EcoRI,AB039784.1,GAATTC,0,0,0,,
EcoRI,AB039785.1,GAATTC,0,0,0,,
EcoRI,AB006820.1,GAATTC,0,0,0,,
EcoRI,AB006821.1,GAATTC,0,0,0,,
HindIII,AB039784.1,AAGCTT,3,3,0,"383, 1274, 1286",
HindIII,AB039788.1,AAGCTT,2,2,0,"383, 1274",
HindIII,AB039789.1,AAGCTT,1,1,0,1274,
HindIII,AB039787.1,AAGCTT,1,1,0,383,
HindIII,AB039786.1,AAGCTT,1,1,0,383,
HindIII,AB039785.1,AAGCTT,1,1,0,383,
HindIII,AB006821.1,AAGCTT,1,1,0,363,
HindIII,AB006820.1,AAGCTT,1,1,0,734,
HindIII,AB033761.1,AAGCTT,0,0,0,,
HindIII,AB015455.1,AAGCTT,0,0,0,,
BamHI,AB033761.1,GGATCC,1,1,0,431,
BamHI,AB039789.1,GGATCC,0,0,0,,
BamHI,AB039788.1,GGATCC,0,0,0,,
BamHI,AB039787.1,GGATCC,0,0,0,,
BamHI,AB039785.1,GGATCC,0,0,0,,
BamHI,AB039786.1,GGATCC,0,0,0,,
BamHI,AB039784.1,GGATCC,0,0,0,,
BamHI,AB006821.1,GGATCC,0,0,0,,
BamHI,AB006820.1,GGATCC,0,0,0,,
BamHI,AB015455.1,GGATCC,0,0,0,,
SmaI,AB039789.1,CCCGGG,0,0,0,,
SmaI,AB039788.1,CCCGGG,0,0,0,,
SmaI,AB039787.1,CCCGGG,0,0,0,,
SmaI,AB039786.1,CCCGGG,0,0,0,,
SmaI,AB039785.1,CCCGGG,0,0,0,,
SmaI,AB039784.1,CCCGGG,0,0,0,,
SmaI,AB006821.1,CCCGGG,0,0,0,,
SmaI,AB006820.1,CCCGGG,0,0,0,,
SmaI,AB033761.1,CCCGGG,0,0,0,,
SmaI,AB015455.1,CCCGGG,0,0,0,,
XhoI,AB039789.1,CTCGAG,0,0,0,,
XhoI,AB039788.1,CTCGAG,0,0,0,,
XhoI,AB039787.1,CTCGAG,0,0,0,,
XhoI,AB039786.1,CTCGAG,0,0,0,,
XhoI,AB039785.1,CTCGAG,0,0,0,,
XhoI,AB039784.1,CTCGAG,0,0,0,,
XhoI,AB006821.1,CTCGAG,0,0,0,,
XhoI,AB006820.1,CTCGAG,0,0,0,,
XhoI,AB033761.1,CTCGAG,0,0,0,,
XhoI,AB015455.1,CTCGAG,0,0,0,,
SphI,AB039789.1,GCATGC,2,2,0,"782, 891",
SphI,AB039787.1,GCATGC,2,2,0,"782, 891",
SphI,AB039785.1,GCATGC,2,2,0,"782, 891",
SphI,AB039786.1,GCATGC,2,2,0,"782, 891",
SphI,AB039784.1,GCATGC,2,2,0,"782, 891",
SphI,AB039788.1,GCATGC,1,1,0,891,
SphI,AB015455.1,GCATGC,1,1,0,873,
SphI,AB033761.1,GCATGC,1,1,0,861,
SphI,AB006820.1,GCATGC,0,0,0,,
SphI,AB006821.1,GCATGC,0,0,0,,
TATA_box,AB006820.1,TATAAA,9,4,5,"972, 1509, 1691, 1706","851, 1331, 1507, 1681, 1714"
TATA_box,AB006821.1,TATAAA,5,2,3,"686, 798","684, 788, 1294"
TATA_box,AB015455.1,TATAAA,3,2,1,"40, 658",656
TATA_box,AB033761.1,TATAAA,3,2,1,"28, 646",644
TATA_box,AB039785.1,TATAAA,1,1,0,238,
TATA_box,AB039788.1,TATAAA,1,1,0,238,
TATA_box,AB039787.1,TATAAA,1,1,0,238,
TATA_box,AB039789.1,TATAAA,0,0,0,,
TATA_box,AB039784.1,TATAAA,0,0,0,,
TATA_box,AB039786.1,TATAAA,0,0,0,,
